latitude,longitude,cluster
37.73920707339088,-122.41745054890092,3.04
37.72261613631356,-122.43476428669211,3.065573770491804
37.71100233006098,-122.42052980106578,3.047169811320755
37.74277155929175,-122.43626687014128,3.0943396226415096
37.72493072679367,-122.44470706345496,2.82183908045977
37.73038195485911,-122.42980166876396,2.548387096774193
37.71215029325321,-122.417144802399,3.0789473684210527
37.71076729543514,-122.41767881212294,3.141025641025641
37.728729793842014,-122.43129500295348,3.3873873873873874
37.711315744205415,-122.41881719505194,3.2962962962962963
37.71209206756148,-122.42089103420028,3.0538461538461537
37.71473473568458,-122.41245795305724,3.335740072202166
37.71089458149156,-122.42055675144232,3.1731843575419
37.71210405379937,-122.41847388242,3.025641025641025
37.744277476687735,-122.4390659449591,3.0
37.73810821336589,-122.42392626740408,3.36
37.71235085898359,-122.41828319710768,3.0689655172413794
37.71645868308925,-122.44101810888156,3.041958041958042
37.726412520188894,-122.423326648277,2.9722222222222223
37.72848925247302,-122.42996990509305,3.2051282051282053
37.72157399652135,-122.43715054837384,2.8125
37.7122561827526,-122.41710798699266,3.2059800664451825
37.744459163161,-122.43884005848705,3.0384615384615383
37.72431024354362,-122.435161640813,2.8
37.7307429169596,-122.42930672837711,3.4615384615384617
37.72204864553169,-122.43686793261708,3.0
37.722967904120765,-122.44474666299644,3.0980392156862746
37.73355061313429,-122.43414578906226,3.217391304347826
37.71219982597996,-122.42086414652108,3.2346938775510203
37.71041463661262,-122.42311590486096,3.193548387096774
37.73301038674162,-122.41651742740544,3.076923076923077
37.7257229240122,-122.432412156616,3.28
37.711296786455485,-122.41401754216704,3.323529411764706
37.7169800042342,-122.43421435601604,2.107142857142857
37.71193368574929,-122.41876688901456,2.857142857142857
37.716127093000985,-122.441352016549,2.590909090909091
37.71066123477488,-122.4177204246518,3.0348837209302326
37.721804883554775,-122.4400066115307,3.2777777777777777
37.71974267107667,-122.42559180224283,3.020833333333333
37.719605303427,-122.43851941446792,3.235294117647059
37.708806184606814,-122.423628041297,3.1923076923076925
37.71378896571039,-122.41420099569405,3.32
37.71071265366523,-122.412959518511,3.1153846153846154
37.72425604704207,-122.43504128295902,2.945945945945946
37.72272703835758,-122.43619448489603,2.891891891891892
37.71191554375567,-122.4160002279097,2.765625
37.70831097445292,-122.42008407524388,2.621621621621621
37.71235880043853,-122.41274139742606,3.0
37.733019952270986,-122.43422920047398,2.96
37.7125799991039,-122.41354609639396,3.46875
37.7219915768943,-122.43674976012105,3.103448275862069
37.72349131813552,-122.43562177284196,2.9411764705882355
37.73606047574144,-122.42446746767244,3.5517241379310347
37.71420893860453,-122.43617713768272,3.2
37.71121234541851,-122.41638948387896,2.8378378378378377
37.73291625395361,-122.41644612404944,2.915343915343916
37.73782181348238,-122.432398313711,3.0357142857142856
37.71969202629284,-122.43869507536508,2.52991452991453
37.72062111510442,-122.43799239857104,3.12
37.71851017752898,-122.41619270050894,3.055555555555556
37.726235830481,-122.433623421739,2.972972972972973
37.723953021000106,-122.4353892563539,2.9558823529411766
37.73216387594543,-122.4213053483962,2.622448979591837
37.72312883068157,-122.43597721702297,3.057142857142857
37.72397891031779,-122.44398790435106,2.677419354838709
37.73736236052128,-122.42206718493706,3.0689655172413794
37.72187048254207,-122.44300998676404,3.236842105263158
37.73221449346692,-122.42793005149998,2.827586206896552
37.7356343185594,-122.41843323885496,3.0
37.7174580136719,-122.440388229194,2.588235294117647
37.71232206937939,-122.412611074843,3.1818181818181817
37.72458916091288,-122.4348705436355,3.1818181818181817
37.714703672316574,-122.43249532565406,3.0625
37.73220831019252,-122.41896870059573,2.8
37.7340561320083,-122.41239837584304,3.096774193548387
37.71682351563022,-122.4406595938041,2.9148936170212765
37.73775828248083,-122.432513268341,3.435897435897436
37.737950084707634,-122.42189877186988,3.3026315789473686
37.72116508075573,-122.43746150233754,3.04
37.71272634085971,-122.41033513897304,3.12
37.72141206213907,-122.43739397251696,3.4516129032258065
37.72414094503725,-122.4287190902014,3.1184210526315788
37.769784092536135,-122.44912296073495,2.78
37.76916629780624,-122.45353456065418,2.358695652173913
37.78003329910086,-122.4642798794453,2.952380952380953
37.774088474589,-122.45199302287897,2.95
37.78379515292137,-122.4584907405851,3.018181818181818
37.76871427224063,-122.45337625078812,2.362745098039216
37.76592452977016,-122.46644268420042,3.206896551724138
37.769350538179125,-122.45186455263062,2.3112582781456954
37.76839011406909,-122.45254031264597,2.805555555555556
37.7810193160118,-122.46428123188736,2.913793103448276
37.77020819591784,-122.44534678659632,2.7881773399014778
37.769504606616216,-122.45131444779692,2.6206896551724137
37.76964038960028,-122.45356323803593,2.642857142857143
37.76131618366401,-122.46404477780382,2.981818181818182
37.77254053915848,-122.46620466789024,2.5089485458612977
37.76967963861852,-122.44994204079504,2.935483870967742
37.78284915514904,-122.46656548859416,3.107142857142857
37.77005271823721,-122.44614367203916,2.796875
37.77113323544318,-122.45750758354144,2.295774647887324
37.78125509354207,-122.45886061566236,3.169811320754717
37.76403684773146,-122.4663096682329,3.069767441860465
37.773052871338216,-122.45348134553488,2.945945945945946
37.76815301111584,-122.45433010539628,2.727272727272727
37.77016118133939,-122.4461656179778,2.754385964912281
37.782200072313664,-122.45885756073592,3.4014598540145986
37.76960945115193,-122.45049238436698,2.933333333333333
37.77299537271845,-122.4459042711638,3.1142857142857143
37.7667916111324,-122.44072054525704,3.0
37.77035980198172,-122.45123637314194,2.925925925925926
37.774514538085214,-122.4528397723888,3.0
37.77533518194208,-122.45055587251304,2.8
37.78048302238492,-122.47886104004908,2.862068965517241
37.77381782947808,-122.4544030668893,2.930434782608696
37.76331239613543,-122.45822081169712,3.013333333333333
37.76777388747473,-122.44932864821884,3.023529411764706
37.77046975485413,-122.44331194960046,2.192982456140351
37.76580008426017,-122.4499580752399,2.803921568627451
37.77476002058331,-122.45463683948512,3.2
37.78646014126448,-122.45258693865604,3.2962962962962963
37.781819339314005,-122.46762610569604,3.064516129032258
37.76984648754156,-122.44776112232005,2.736111111111111
37.76341585648832,-122.45826732916508,3.103448275862069
37.764114780326985,-122.46579180072102,2.923076923076923
37.76966191958565,-122.44964766294984,2.5588235294117645
37.769675629057794,-122.44910101170092,2.78125
37.770431342186576,-122.44364993008084,3.1666666666666665
37.76995495034648,-122.44778307055894,2.7
37.78621097367502,-122.45546842515704,2.725806451612903
37.76932412933191,-122.452728322759,2.805555555555556
37.7695262270702,-122.45070991913852,2.548936170212766
37.7686969786554,-122.45351291112502,1.9765625
37.77000619883636,-122.4469333109723,2.7549668874172184
37.77037043364387,-122.44452427729708,2.787878787878788
37.7706583273482,-122.44550661065205,2.9607843137254903
37.76753572950382,-122.4509109715181,3.02
37.7710904987341,-122.446355447692,3.0625
37.77596126708373,-122.44565252515407,2.1012658227848102
37.757345599687376,-122.44418195810394,3.235294117647059
37.78237103548323,-122.44804312444728,3.260869565217391
37.76939670991659,-122.451288061231,2.6153846153846154
37.769797716884185,-122.44857848496076,2.7153846153846155
37.76874253092591,-122.44891092025306,2.962962962962963
37.7695680602698,-122.44994452142409,2.3548387096774195
37.77580159438454,-122.44647267899695,3.4074074074074074
37.76973596241511,-122.44518195265108,2.59375
37.7859461545927,-122.45754023470406,3.230769230769231
37.76931164253168,-122.44259754974296,3.12
37.76654283363053,-122.44319435177044,2.2295081967213117
37.76921567058953,-122.45270634032202,2.374301675977654
37.77585279587281,-122.44563063367296,2.638888888888889
37.769041743929705,-122.45068250094894,2.413793103448276
37.770261970240256,-122.444502333693,3.2181818181818183
37.77208097724055,-122.44571766891508,3.185185185185185
37.78047453313667,-122.47616910956212,3.1052631578947367
37.76387961216938,-122.4711455529499,2.0476190476190474
37.77438417150705,-122.46494471615615,2.3392857142857144
37.7592202975893,-122.46331160715,3.25
37.77743975916549,-122.44499468153585,2.993506493506493
37.78091705372565,-122.46374406694692,2.9423076923076925
37.76824630766726,-122.45335464746488,2.679245283018868
37.76217381887208,-122.46618077167506,3.1666666666666665
37.77142785959289,-122.45398162235644,2.789473684210526
37.76905912317139,-122.45054585641206,2.4
37.78205359353038,-122.44958034096194,2.96
37.76950326298872,-122.45045260056396,2.783333333333333
37.76893707522361,-122.45938507240962,2.6666666666666665
37.7741979150087,-122.44358463971696,2.925925925925926
37.76952002271828,-122.45512727517034,1.968
37.78061929576801,-122.44731296591,3.129032258064516
37.77268521449481,-122.45855853652414,2.851851851851852
37.74526077466541,-122.42122878644898,2.88
37.75715804319124,-122.40660491950884,2.8978494623655915
37.75252762305218,-122.41463447359196,3.096774193548387
37.75308467140895,-122.4174994299707,3.0097087378640777
37.75250507857709,-122.4140890007102,3.066666666666667
37.75433708209446,-122.40545578922584,3.138888888888889
37.75648641093027,-122.4065391151508,2.868361581920904
37.74904130936567,-122.41813729050504,2.7260273972602738
37.75223916526415,-122.41844818610367,2.8666666666666667
37.75210415530647,-122.42066577133124,2.843137254901961
37.75220516328556,-122.41901814489805,2.3461538461538463
37.751419930001134,-122.41843402831792,2.697674418604651
37.75954609245873,-122.41701666351696,3.1
37.74816600562232,-122.41259435482792,3.2758620689655173
37.75370319213621,-122.42081436014178,3.12
37.74946434788931,-122.40322746092774,2.7777777777777777
37.74799944932246,-122.42083265030304,2.975
37.75856416917108,-122.40672532952888,3.034965034965035
37.753018653744434,-122.41858717221864,2.976851851851852
37.75968617642433,-122.41469551480988,3.2477064220183487
37.7429970144076,-122.421644478447,2.4746835443037973
37.74942480058417,-122.4317472300002,3.2688172043010755
37.75363224988222,-122.40632431391413,2.8904109589041096
37.7547485110398,-122.41655757821806,3.103448275862069
37.75288402175292,-122.42080604916906,2.827586206896552
37.75801182951228,-122.41577026404,2.9393939393939394
37.75142848567851,-122.41829609443688,2.75
37.75729929741217,-122.4145446685646,2.696969696969697
37.748400569269975,-122.42241557862693,3.051282051282051
37.74911000509792,-122.40509687191708,2.7
37.7594227506297,-122.41905886810308,3.0851063829787235
37.74943603927606,-122.41159521643286,3.2758620689655173
37.758632405158,-122.41905269435205,2.982608695652174
37.740439736908336,-122.42124301162023,3.009433962264151
37.74568028814748,-122.41250614555992,3.2432432432432434
37.74807788925281,-122.41705938514498,3.24
37.75234836541609,-122.40634565466692,3.111111111111111
37.75128511701907,-122.42065335473592,2.7
37.7479321533574,-122.40967731710802,3.054054054054054
37.75409868820831,-122.41423384904066,3.333333333333333
37.75654520637431,-122.41343796973106,3.2
37.75534309544197,-122.40668105726492,3.0
37.74237522453586,-122.42197091903206,3.0729166666666665
37.75302675158763,-122.41844919178024,2.8282828282828283
37.74733162987852,-122.42027213528306,3.1818181818181817
37.75635629050724,-122.41657266748288,3.0384615384615383
37.75445344114874,-122.40352479522056,3.24
37.74982098644706,-122.41827907501194,2.5689655172413794
37.75693185820388,-122.40598450618003,2.6785714285714284
37.75622501197444,-122.41875384815197,2.776119402985074
37.748285429413976,-122.41706704403803,2.6666666666666665
37.7546172382082,-122.4187382657723,2.883928571428572
37.75155749992231,-122.43079421105402,2.6875
37.75462558728381,-122.41860030589004,2.5492957746478875
37.75181175925661,-122.41189052671405,3.1153846153846154
37.75707901905039,-122.41726052058706,3.16
37.75383820485194,-122.41859672746186,3.02
37.74749552685429,-122.41873276305796,3.1875
37.7598279172239,-122.4259204874379,2.979591836734694
37.75850007336231,-122.42127399876009,3.236842105263158
37.74473055186001,-122.42224263142404,2.857142857142857
37.75217160917354,-122.41956043788548,2.875
37.7578801214437,-122.417955821717,3.0357142857142856
37.74816640839946,-122.41822194623067,3.058139534883721
37.75279699855906,-122.40913193949014,3.023809523809524
37.75262847676169,-122.41190223263187,3.176470588235294
37.75821766136591,-122.41235403382116,2.981132075471698
37.75448782255511,-122.42081767534596,3.16
37.75096787607829,-122.41283855402273,2.8095238095238093
37.75300428772363,-122.4063384126872,3.0689655172413794
37.75723222791526,-122.4156293324479,2.977272727272727
37.754361274669485,-122.40596821808596,3.0
37.75795427408288,-122.41672558643904,2.925925925925926
37.74930457786756,-122.413771304805,2.8076923076923075
37.75064029392557,-122.41828927687052,2.9
37.74825687056664,-122.41367167059649,2.857142857142857
37.75213234579802,-122.41929549311403,3.12
37.75237351496101,-122.41626863271668,3.075
37.75523418274509,-122.40848848498304,2.962962962962963
37.75241809285714,-122.41462384978506,2.9444444444444446
37.75869681665065,-122.41796448376309,3.152173913043478
37.75621666272156,-122.41889181098584,3.0357142857142856
37.74811081228177,-122.40275678106995,2.88
37.755437187511546,-122.4187487335262,3.276190476190476
37.75328316918729,-122.4142273489189,3.230769230769231
37.75309274187264,-122.41736144748111,3.1627906976744184
37.75230631701953,-122.41736013947948,2.807017543859649
37.74744530714951,-122.41860971910208,3.0491803278688523
37.757036113228985,-122.41890420452008,2.814814814814815
37.757621721202895,-122.41888729306504,2.744186046511628
37.755700366018594,-122.414389290832,2.931034482758621
37.7566750455245,-122.41127805425904,3.4814814814814814
37.75022391403288,-122.41159908852298,2.392857142857143
37.749960460777096,-122.41596068814304,2.757575757575758
37.751705132889576,-122.42743972698518,3.1923076923076925
37.75761346717422,-122.41902526775202,2.953488372093023
37.75512166953309,-122.41036414992696,2.393939393939394
37.74403815492742,-122.420896598738,3.125
37.7532172678798,-122.41531378820994,2.923076923076923
37.74355505422652,-122.42112802950491,2.6885245901639343
37.75014950780079,-122.41283040295,2.433333333333333
37.75287876514909,-122.408664686116,3.386363636363636
37.75941442532868,-122.41919683860304,2.7301587301587302
37.75244075899298,-122.4151736658032,2.861111111111111
37.75396712195006,-122.4164135275394,3.4285714285714284
37.75807744372523,-122.414683320731,3.64
37.75368162954954,-122.42025356452376,3.2127659574468086
37.74358476587397,-122.42126433110391,2.4571428571428573
37.75716778171965,-122.41672098200549,3.1923076923076925
37.749265291622216,-122.41350190465997,2.555555555555556
37.74982929090597,-122.41814111943997,2.857142857142857
37.75776267314399,-122.40680304261116,3.2413793103448274
37.75536688285128,-122.41986096194876,3.074074074074074
37.752684919614765,-122.41096266475634,3.1666666666666665
37.7589148884581,-122.421380986073,2.769230769230769
37.75162722707453,-122.41502282858896,3.2058823529411766
37.74472547136567,-122.420526309078,3.0408163265306123
37.75315094602276,-122.4164070718609,3.183333333333333
37.741876860886485,-122.41497482136808,3.0384615384615383
37.7511637962241,-122.422684132056,3.5
37.75481430969208,-122.415464220212,3.4
37.748497052125,-122.42038383841792,3.193548387096774
37.7531590161083,-122.41626908915302,2.7058823529411766
37.75148596491521,-122.41734682512104,3.0357142857142856
37.74919905352952,-122.41459317110407,3.5
37.75616301127523,-122.42000350408304,3.294117647058824
37.74936882845491,-122.41269014231104,3.2758620689655173
37.7520972558707,-122.40714465605004,2.862068965517241
37.74897375617329,-122.4192494947053,2.3703703703703702
37.75594130333791,-122.41037522803498,2.413793103448276
37.75860649956573,-122.42595863386111,2.2857142857142856
37.75889559475961,-122.41469306526068,3.28
37.75629341058,-122.42038649847932,3.0
37.76354888837774,-122.47769307060427,2.638888888888889
37.73882188970581,-122.48560385601434,3.083682008368201
37.76355845967945,-122.47717237073572,3.15625
37.77496296475648,-122.4929030879891,2.9855072463768115
37.7807920840195,-122.49009343735862,3.1705426356589146
37.743726817033696,-122.48118317162952,2.903703703703704
37.74445791466526,-122.507031438787,3.095238095238096
37.73085808464938,-122.50083704052398,2.972972972972973
37.74746131819066,-122.48130501918338,3.263768115942029
37.76544607158333,-122.47730912059389,3.235294117647059
37.74287446466761,-122.47945080090906,2.962962962962963
37.77984702234912,-122.487415459555,2.96
37.76119776776319,-122.50913483919106,3.108108108108108
37.78119432244384,-122.50363694644248,2.74468085106383
37.76042174367795,-122.50592845012794,2.6444444444444444
37.77846921997576,-122.51364206426572,3.290322580645161
37.77968623643286,-122.49329712989508,3.242424242424242
37.76133993163299,-122.50592325634094,3.12
37.7634201553028,-122.4803382192579,3.16
37.73546576297534,-122.5067144604372,3.4074074074074074
37.77687667352185,-122.4919567792058,3.1603053435114505
37.74290797614155,-122.47890251330276,3.1052631578947367
37.75139701473896,-122.49724257638483,3.357142857142857
37.73394976808511,-122.48971396912388,2.785185185185185
37.76724422077197,-122.510225749047,3.3421052631578947
37.75371819532001,-122.48880553350727,2.8846153846153846
37.77417865144759,-122.51003252598488,2.891304347826087
37.76400005979927,-122.51033999220994,3.25
37.77231319768136,-122.50989541823888,2.782051282051282
37.7630727687234,-122.50926527685704,3.060606060606061
37.78073923494261,-122.491300789427,2.5806451612903225
37.78009170779895,-122.484731728941,3.25
37.76348149339099,-122.47873835154604,3.0
37.771338782658745,-122.51105424826784,3.411764705882353
37.74173998051861,-122.50516598479204,3.2142857142857144
37.77089178486638,-122.48980474783774,3.0
37.7503882887963,-122.49977914519604,3.12
37.7487068486863,-122.49550276929094,2.8666666666666667
37.76867464397672,-122.478195467399,3.0
37.76443577715551,-122.47832561586397,3.16
37.76080022060758,-122.49177308781825,3.1052631578947367
37.75353512427617,-122.39720193799344,2.9421487603305785
37.756630583452086,-122.395106891925,2.6444444444444444
37.75800216646044,-122.3873162794496,3.076923076923077
37.757237468358205,-122.39589160223107,2.7954545454545454
37.75239402738408,-122.39604512672206,3.189189189189189
37.75729278101012,-122.39577189706208,3.02
37.753564574659336,-122.39563543616804,2.795918367346939
37.75534435195683,-122.39525100993102,3.0609756097560976
37.752306632226365,-122.39749737363684,2.9130434782608696
37.75361785314461,-122.395513264888,3.161073825503356
37.752197092814015,-122.39748691567098,2.8857142857142857
37.75231121968646,-122.39651609825614,3.021276595744681
37.75793942320245,-122.3883180450538,2.8461538461538463
37.753598788032775,-122.39708918386796,2.811111111111111
37.754287678154704,-122.39858071654405,3.1818181818181817
37.75633027490242,-122.39556536014103,2.793103448275862
37.75932530793391,-122.38639760712988,3.117647058823529
37.74574514341342,-122.4527167009872,3.046511627906977
37.71555366669781,-122.47364407553316,3.188405797101449
37.748155469233104,-122.45868018978216,2.974654377880184
37.71422853646988,-122.46575715056306,2.619047619047619
37.74092818901781,-122.466026150018,3.08
37.72852806274617,-122.47564746078574,2.9696969696969697
37.74595629538559,-122.45423990761309,3.419354838709677
37.72094516162951,-122.47827820633208,2.813953488372093
37.72569335757005,-122.45228966049076,3.02828618968386
37.7460753397163,-122.47035960866104,3.206185567010309
37.713317784448,-122.47287586133908,2.8292682926829267
37.71751858730813,-122.48060634886498,2.978723404255319
37.74556400629896,-122.4511639897191,3.0163934426229506
37.721622172635904,-122.47232191268692,3.888888888888889
37.72693463503526,-122.47797668216882,2.742647058823529
37.72345567621564,-122.45411413355706,3.185185185185185
37.721030591420224,-122.44712504568604,3.14
37.71096391463941,-122.46810530461302,2.977777777777778
37.743050553502655,-122.47564425117844,3.0
37.71667164545112,-122.45760457413292,3.0689655172413794
37.72918457960378,-122.46675800515906,3.2773722627737225
37.743174496996296,-122.47410271041616,2.3
37.730991183308575,-122.4839859297752,3.109756097560976
37.72571725465566,-122.45242822039803,2.74468085106383
37.74033298863763,-122.46644858243788,3.1333333333333333
37.726990531004176,-122.47489915165524,3.2133333333333334
37.73565063989477,-122.448307079193,3.4482758620689653
37.72307870594565,-122.45233012086308,3.18
37.72710957962993,-122.47789432792705,3.130434782608696
37.73478011810299,-122.47611210109103,3.066666666666667
37.72385901200112,-122.4556158615379,3.0232558139534884
37.717173407574805,-122.47257041826818,3.1904761904761907
37.720723126886845,-122.44660721494364,3.091836734693877
37.7210571460504,-122.4752221899082,3.1951219512195124
37.731440080612295,-122.45002660304304,3.074074074074074
37.71912352129741,-122.454158224803,3.185185185185185
37.73890001448446,-122.468117499815,2.625
37.74089078923622,-122.46582862198436,3.142857142857143
37.71665697243423,-122.47417098982616,3.083333333333333
37.710483019309535,-122.45426926486805,3.0416666666666665
37.72518972367478,-122.46168315955894,3.3684210526315788
37.714361549875655,-122.49206801734,3.1842105263157894
37.718781589444696,-122.47067352140805,3.0789473684210527
37.7148602682687,-122.4542979309002,3.107843137254902
37.71403509410971,-122.45415443649864,3.0
37.72184838546151,-122.45512663680417,2.34375
37.7285356205091,-122.45808517360908,3.048780487804878
37.71319384505109,-122.45605046585963,2.4615384615384617
37.72584383134159,-122.47888458660896,3.395833333333333
37.71428703575644,-122.46529795256264,2.033333333333333
37.71001313334707,-122.46068787806108,3.025
37.72923540795244,-122.46688062176204,3.090909090909091
37.72493169782931,-122.46070943325002,3.142857142857143
37.71901186767857,-122.48045074945908,3.450980392156863
37.7132375345136,-122.45756787173002,2.92
37.71323913143979,-122.4729724005241,3.3823529411764706
37.711391083495286,-122.45579344764434,2.793103448275862
37.71430053575965,-122.46350020772904,2.321428571428572
37.713171902499,-122.45902362241644,2.4838709677419355
37.719124881598525,-122.46116323828346,3.020979020979021
37.72178393854435,-122.45870335033274,3.0594059405940595
37.71449921546357,-122.45599767422706,3.2857142857142856
37.71522722371581,-122.46447995420397,2.4285714285714284
37.71949760050217,-122.45315825843986,3.016304347826087
37.72382156870618,-122.46249369109276,2.9732142857142856
37.73015769242515,-122.37598915809208,3.3285714285714287
37.72920335653905,-122.37401933183318,3.120967741935484
37.731675796048414,-122.383187458704,2.931034482758621
37.73363420230992,-122.39124343122695,2.863636363636364
37.73109989218612,-122.389286347131,2.9473684210526314
37.73243238645357,-122.39152289305078,2.792452830188679
37.72993469360453,-122.3977444271031,2.7869415807560136
37.72153543168233,-122.4010737069872,3.111111111111111
37.73752509484472,-122.38960128625504,3.1153846153846154
37.718732479957,-122.38913638360704,2.9318181818181817
37.71918344627842,-122.38643767118616,2.9368421052631577
37.74105498152603,-122.40682518367797,2.816326530612245
37.71143741509128,-122.4042019699,3.0
37.73601021925317,-122.39041213266792,2.5166666666666666
37.73233124643776,-122.37839225753436,3.2148760330578514
37.72028697791197,-122.38587918905304,3.1294117647058823
37.73559261059561,-122.3904169554868,2.25
37.734031972099935,-122.38947153568196,2.918918918918919
37.7324388649912,-122.4056102682247,3.142857142857143
37.71903317873178,-122.39800417734014,3.4047619047619047
37.73358848077144,-122.39097824842894,2.710526315789474
37.73272088380487,-122.39047852923404,2.3043478260869565
37.73003799952031,-122.40459414063604,3.088235294117647
37.72954477297626,-122.38642068253829,2.2795698924731185
37.734015218081176,-122.3909717345626,2.736654804270463
37.74270308475054,-122.38792738762272,3.0
37.72861197109932,-122.378920771859,3.041095890410959
37.738662559968375,-122.3909529305872,2.7857142857142856
37.73588581485941,-122.38270507280116,3.3181818181818183
37.7364438996736,-122.39443885991614,3.0080726538849647
37.73060802717812,-122.38829455720118,2.333333333333333
37.73017601616481,-122.3994436589419,2.931372549019608
37.72794563147775,-122.40490334306324,3.1121495327102804
37.731819888971806,-122.4054120917341,3.355555555555556
37.73072152157024,-122.37560517196238,3.051282051282051
37.74697810265208,-122.39917482864402,3.128205128205128
37.732380730222665,-122.3782680184812,3.037037037037037
37.73690856573364,-122.3910903256038,1.9375
37.74226005195554,-122.38793945219214,3.006369426751593
37.73424399487707,-122.39057797734796,2.628205128205128
37.730055976091215,-122.37605479243209,3.303030303030303
37.73129414875252,-122.378226008527,2.98
37.729262639134056,-122.3824754911311,3.1744186046511627
37.73475250807929,-122.38881791711395,3.2285714285714286
37.72742613578789,-122.38269058787164,2.575757575757576
37.733225203289,-122.39124562303088,2.740740740740741
37.72792085278181,-122.38367977861608,3.1052631578947367
37.73748894520643,-122.39200436198853,2.763157894736842
37.73716994462677,-122.389865610341,2.391752577319588
37.73617860732835,-122.38966070117702,2.9072164948453607
37.7494852273741,-122.3996795740419,3.1515151515151514
37.73754398387808,-122.39052193956574,2.071428571428572
37.73619076744309,-122.378902736531,2.9285714285714284
37.72976921176775,-122.37337604923984,3.189655172413793
37.732789936738776,-122.3912576253489,2.9
37.71951300014735,-122.38724435334004,2.936170212765957
37.73281025232458,-122.39039809033508,2.5277777777777777
37.729353849253854,-122.3894212990519,1.9572649572649568
37.73561380347835,-122.40196836177311,3.169230769230769
37.73565878863423,-122.38274539551908,3.192982456140351
37.73193851631539,-122.38983162982096,2.88
37.73521722800773,-122.39068958255692,2.1272727272727274
37.728789288854834,-122.3885428312719,2.452830188679245
37.730806609582025,-122.37551296863482,3.305263157894737
37.74031922297538,-122.38875579500072,2.5357142857142856
37.7361732498955,-122.40921525596912,2.8125
37.74627549829498,-122.39244744137604,3.076923076923077
37.736623525573165,-122.39142906532103,2.1129032258064515
37.72801023160986,-122.38359936434608,3.2241379310344827
37.738002011720816,-122.386100703211,3.0
37.72827640575264,-122.38073792320785,3.0
37.7288786692236,-122.38846241959708,2.963636363636364
37.72703923021383,-122.40327711552894,3.4324324324324325
37.72882762518644,-122.38034834969898,3.101123595505618
37.73040968083347,-122.378494173975,2.9166666666666665
37.72203623209816,-122.3931741624272,2.280701754385965
37.72890406777658,-122.39289968152204,2.6
37.72055523987117,-122.3876945874409,3.0444444444444443
37.73812709350126,-122.39143480043292,2.59493670886076
37.73479699474174,-122.39069763069216,2.534090909090909
37.74305069031949,-122.4052424671162,2.8703703703703702
37.72050645903625,-122.39036028160992,2.86
37.7395669609198,-122.4069795079653,3.025
37.7368036226976,-122.39013634984396,2.161290322580645
37.73590450063142,-122.39108961524106,2.555555555555556
37.73003992163138,-122.38741354016898,3.12
37.733521608374296,-122.38997984908508,3.142857142857143
37.74105755281306,-122.40647997586412,2.732142857142857
37.7345805334314,-122.39184908497712,2.790322580645161
37.73175233873711,-122.38308514461484,3.189655172413793
37.72199201978139,-122.39464625033528,3.0543478260869565
37.73079459189532,-122.40483042060416,2.8135593220338984
37.736846960495775,-122.38490710609794,3.2916666666666665
37.73174468991212,-122.39351207749208,3.04
37.7278745037778,-122.40754497873696,3.36
37.7305636925712,-122.38976898495096,2.926829268292683
37.729407559175314,-122.40440718956098,2.5185185185185186
37.731431829647015,-122.37488242033204,3.269230769230769
37.74991319691093,-122.3943478576802,3.063063063063063
37.72967966727266,-122.37345617152482,3.2222222222222223
37.7353538209893,-122.38038226647062,2.8651162790697677
37.73678488005133,-122.3926437536049,2.6619718309859155
37.7277351549501,-122.39323286934528,3.3125
37.73529907067742,-122.3789289559929,2.457627118644068
37.733917775522734,-122.39223560084302,2.902439024390244
37.73655940263348,-122.39131674967494,2.4857142857142858
37.75048794611508,-122.39346371879496,3.216216216216216
37.73796661588613,-122.40691076779524,3.0
37.73047415093742,-122.38984911479696,2.685714285714285
37.73543669945773,-122.38029101227902,3.310344827586207
37.73161825724906,-122.39262721805312,2.8412698412698414
37.7301293029766,-122.387333128097,2.7333333333333334
37.71205879706189,-122.40611080915194,2.8947368421052637
37.71310723214243,-122.38783365232553,3.207547169811321
37.73679684117328,-122.38932601060893,2.68
37.728917134099625,-122.38026816299688,3.173076923076923
37.735189216668,-122.37892914703204,3.0357142857142856
37.72763409926203,-122.40359529351716,3.0
37.723348221276325,-122.40189800533508,2.918918918918919
37.72041061847532,-122.40607977060792,3.070967741935484
37.72993751995718,-122.39033208306908,3.1153846153846154
37.724555669771696,-122.40109685156834,3.54
37.73314350092125,-122.38099035655084,3.189189189189189
37.7353744438504,-122.39015393849888,1.8333333333333333
37.728075456909416,-122.39293166274196,3.5
37.737486194947685,-122.38887930314696,3.129032258064516
37.7278183430085,-122.38659416492696,2.606060606060606
37.73181577436601,-122.38864282412112,3.055555555555556
37.71940083338853,-122.38723479576107,3.0526315789473686
37.73449109910577,-122.39192940892006,2.7777777777777777
37.73599530416094,-122.39101170667196,2.4047619047619047
37.72906911206975,-122.385465040129,2.9615384615384617
37.7380376770177,-122.39151516092804,2.638888888888889
37.73066480545821,-122.386849266637,3.0
37.73056679768842,-122.38186730007791,3.6739130434782608
37.73250212802311,-122.38437075595964,3.1604938271604937
37.72928044322551,-122.39262548926531,2.5526315789473686
37.73616037997362,-122.39321150781106,2.9743589743589745
37.734854329992224,-122.37934861672792,2.814814814814815
37.73871082743337,-122.39937059002604,2.935483870967742
37.732368620468016,-122.37921382635602,2.88
37.73469238936261,-122.39453769105796,3.5
37.7344291807899,-122.39096529814384,2.6555555555555554
37.73628978608453,-122.39164874897529,2.3191489361702127
37.73234558996352,-122.38628610200897,3.0357142857142856
37.73307817100112,-122.39277577233688,3.0285714285714285
37.71919569697342,-122.388416108229,3.0869565217391304
37.729490442452,-122.3814009714063,2.8095238095238093
37.736324126983824,-122.41098512189096,3.3823529411764706
37.73475156404268,-122.39311969209494,2.6
37.72580545137749,-122.40291216123492,3.28
37.73639080507475,-122.39014671645056,2.5213675213675213
37.72950441589523,-122.38789739233894,3.0384615384615383
37.71928499414027,-122.38833555944288,2.938775510204082
37.7357419068572,-122.37934537971988,3.055555555555556
37.74421808026829,-122.40430413621604,2.689655172413793
37.72086924078025,-122.3872476071972,3.117647058823529
37.72897973198404,-122.385545453301,2.8271604938271606
37.72460684276189,-122.40241543043602,2.814814814814815
37.73674163381839,-122.38987748688784,2.913793103448276
37.72818702798052,-122.38081834118296,2.862068965517241
37.733602649664114,-122.38703589770408,2.833333333333333
37.72863643675304,-122.38303743190592,2.95
37.73022960107609,-122.38441709331106,3.0689655172413794
37.7349050342849,-122.38630422096809,3.4
37.7303199602104,-122.37857398459109,2.727272727272727
37.73209951452201,-122.39081571978797,3.2
37.72096696154994,-122.3871816359951,3.0217391304347827
37.7364122533313,-122.38291964632393,3.5365853658536586
37.72700531963004,-122.40340866919092,2.7209302325581395
37.73687431394729,-122.39256342688611,2.909090909090909
37.73322563963472,-122.38089850716196,3.037037037037037
37.735284241529705,-122.39143178651295,2.814814814814815
37.73305496510249,-122.387527753438,3.2962962962962963
37.75117084519973,-122.39738894783298,3.048780487804878
37.73624972311088,-122.39313102239196,3.0277777777777777
37.73875194974379,-122.39087252381198,3.1578947368421053
37.72988742723248,-122.38219258397297,2.988372093023256
37.72941503323688,-122.38797780416796,3.119047619047619
37.73828092086941,-122.39693538867196,3.0
37.72762655539031,-122.389588134185,2.945945945945946
37.72147081971298,-122.39229731072508,3.2666666666666666
37.737957265354325,-122.38958816533156,3.111111111111111
37.73235369224359,-122.38815894178698,3.21875
37.72361677574315,-122.40078457425852,3.076923076923077
37.73374515680892,-122.39239340391492,2.4166666666666665
37.73661164318118,-122.39067083493252,2.175675675675676
37.73253331885419,-122.38499543408994,3.055555555555556
37.73833389787538,-122.38513509507597,2.96
37.7204170772512,-122.39044068194796,3.1944444444444446
37.729173261091525,-122.382555908106,3.2857142857142856
37.72403764615131,-122.40210948893905,2.975
37.7293119114256,-122.39089472430398,3.5384615384615383
37.722433623677325,-122.39562232458944,3.081967213114754
37.72390644978828,-122.4021281407921,2.9285714285714284
37.73294870432423,-122.40465836143623,3.25
37.71882202740071,-122.38905627705893,2.8181818181818183
37.71218172735606,-122.40245963495263,2.9705882352941178
37.73739925229419,-122.39208423060644,2.0
37.7191791974582,-122.39154917029909,3.0
37.73244304427069,-122.38807847515406,3.4
37.73485504804511,-122.37948693700592,2.977777777777778
37.71813397558461,-122.39831531485584,2.476923076923077
37.73706577005078,-122.39456575637595,2.8857142857142857
37.73128968741951,-122.38628498363995,2.95
37.735226586220016,-122.38977468308047,2.425531914893617
37.7217169542968,-122.39594640666787,2.4565217391304346
37.7282523136056,-122.38902336889396,3.16
37.7309025092294,-122.38260970304694,3.230769230769231
37.7287295296832,-122.3899829969979,2.689655172413793
37.72824050265309,-122.40377586468502,3.1333333333333333
37.73343217528898,-122.39006017526704,3.08
37.73323546765575,-122.40211655629211,3.044067796610169
37.7307376243582,-122.40495246132708,2.977777777777778
37.72949908597118,-122.37942488982804,2.864864864864865
37.73172628607641,-122.38872305105596,2.5
37.71926858093661,-122.39146877152191,3.4827586206896552
37.74838969908873,-122.39510178235004,2.103448275862069
37.73271547971501,-122.38125041509406,3.0384615384615383
37.73518449163261,-122.39149395599904,3.2333333333333334
37.736058187763255,-122.3994834685719,2.977777777777778
37.72974086506181,-122.39469578763472,2.636363636363636
37.77753219352183,-122.44087952185302,3.0434782608695654
37.804271887891,-122.44827840532986,3.254237288135593
37.77555290168332,-122.44048310699792,3.09375
37.773684960430565,-122.44010399460508,3.1041666666666665
37.78487505308112,-122.442364696255,3.2125
37.78012428780554,-122.44589358121203,2.9135802469135803
37.782245822391786,-122.4466129788392,2.358490566037736
37.78264352809398,-122.443597047511,3.022727272727273
37.771727314177056,-122.44139370111304,3.0
37.77363510654051,-122.44092387642596,2.92
37.77785401411742,-122.4417053864509,3.138888888888889
37.7750363632073,-122.44127538134305,2.96875
37.79899931352542,-122.44352039096005,2.7857142857142856
37.77084802036445,-122.44035965588776,3.230769230769231
37.79899924699586,-122.44264969636752,3.076923076923077
37.8060498851528,-122.44114670419096,3.515151515151515
37.7833242481047,-122.44034107454507,3.207547169811321
37.787207821057024,-122.447657570247,2.147058823529412
37.777321099847626,-122.4425263249,2.962962962962963
37.784379892710696,-122.44301939979312,3.242424242424242
37.78297986946849,-122.44599301052902,2.8666666666666667
37.76267027708842,-122.43518769934246,2.7973856209150325
37.76750273268154,-122.42895003272962,2.8947368421052637
37.7692470632067,-122.42695563170892,2.4901960784313726
37.76088780612089,-122.4350028642902,2.839694656488549
37.76175972435977,-122.43515009981232,2.801418439716312
37.768169434617455,-122.43563743672124,2.9159663865546217
37.76322889730363,-122.42861091339964,3.265734265734266
37.76176771829534,-122.43501209378886,2.745614035087719
37.76061867943346,-122.42615334947814,2.770053475935829
37.76141180839198,-122.42724238019215,3.146198830409357
37.76706463290908,-122.43140864021858,3.058252427184466
37.79850834804348,-122.40979166229252,2.9302325581395348
37.808435017726296,-122.41077421437848,2.9726651480637813
37.80859051371024,-122.41592344824214,2.9574468085106385
37.80105808548616,-122.411168488485,3.2713178294573644
37.775420706715,-122.403404791481,2.73018991486575
37.77787277975859,-122.39142506985688,2.9276315789473686
37.77762423892876,-122.39998111124034,3.0357142857142856
37.77091305661641,-122.41054116698672,3.1232876712328768
37.77903241362005,-122.4018463675234,2.45578231292517
37.76578275442978,-122.40753833232203,3.052083333333333
37.772281202028736,-122.40100072651306,3.046728971962617
37.785744654554925,-122.40583247448616,3.0
37.78447885386563,-122.40427017948883,2.823529411764706
37.787643050174125,-122.40343408674752,3.031055900621118
37.79414474237041,-122.39642194376768,2.991304347826087
37.7887198688072,-122.40207024322903,3.048611111111111
37.78232358976166,-122.40379325948912,2.583333333333333
37.78630722363655,-122.4052948452153,2.6575342465753424
37.78331040670136,-122.38837987391892,2.946308724832215
37.789918101686,-122.40697756369218,3.648148148148149
37.785117856395225,-122.40495695637529,2.8482142857142856
37.78673421849824,-122.4058953698873,2.2681159420289854
37.794803032518274,-122.40021603878996,2.9444444444444446
37.78711609846723,-122.40391914835708,2.7524752475247523
37.78710945429008,-122.40642786235964,2.06140350877193
37.78979660619224,-122.4004634681118,2.046153846153846
37.809670701324166,-122.3655654253526,3.13624678663239
37.81176672376528,-122.36651046324327,3.3706896551724137
37.80336133563625,-122.42412350881,3.2885906040268456
37.79156871030012,-122.43107316900708,2.883928571428572
37.79778069012507,-122.42997042380904,3.3867924528301887
37.77829352012903,-122.41544875956215,2.813380281690141
37.78372402544409,-122.41424295590816,2.4739884393063583
37.78418890752673,-122.41013523637672,2.52536231884058
37.7799444052048,-122.41431785788144,2.335511982570806
37.78047774804551,-122.4125153413569,2.454263565891473
37.785094321010455,-122.40784537411,2.765807962529274
37.77871926278393,-122.41474383538412,2.8975155279503104
37.77883231587928,-122.41564248785537,2.671794871794872
37.780035626839314,-122.40979519450454,2.909090909090909
37.78113405682419,-122.40901120663987,2.728358208955224
37.77386177716108,-122.41304597196658,2.9802631578947367
37.78165428060655,-122.4155082427826,2.147590361445783
37.78486569394875,-122.41278409650256,2.2036199095022626
37.78175113072235,-122.41107142306308,2.2766749379652604
37.78588821951054,-122.41174251558188,2.813664596273292
37.78356347963309,-122.41506687647028,2.740566037735849
37.78127074344953,-122.4113395625563,2.518105849582173
37.78469690790378,-122.4136093289853,2.3067375886524824
37.77745666117511,-122.41316085097196,3.0869565217391304
37.7825563302021,-122.41224976763398,2.562874251497006
37.78506294216631,-122.40652098714284,2.574468085106383
37.77782416730647,-122.40799918674836,3.035019455252918
37.786277459165895,-122.4129990750088,2.8447488584474887
37.778024567464016,-122.41544415988592,2.7857142857142856
37.777043620263605,-122.41358348364852,2.61734693877551
37.78656476076864,-122.4072440870316,2.344
37.783569938691656,-122.40842111692136,2.560185185185185
37.78603115763611,-122.4063518342938,2.4854368932038837
37.78111921215432,-122.41259697063684,2.8421052631578947
37.78434785131208,-122.40931311143228,2.8693181818181817
37.78782711372244,-122.40838427554232,3.0
37.78735949495163,-122.408231026262,2.893333333333333
37.78413995095496,-122.41095524890764,2.3346456692913384
37.78418935014268,-122.40763352074129,2.524663677130045
37.78053453852127,-122.40816295385856,2.260135135135135
37.78383443741405,-122.41293052205792,2.7171945701357467
37.7846576329204,-122.41443315506493,2.115501519756839
37.78249489077364,-122.41068990778756,2.3134328358208958
37.78282764988396,-122.40970842372174,2.424019607843137
37.782230586998,-122.41029351969355,2.2781456953642385
37.7850226622784,-122.41198764359444,2.847744360902256
37.78113045621041,-122.40750544672116,2.0234375
37.77951403006252,-122.41356409174251,2.592156862745098
37.78191196282988,-122.41304797207772,2.816479400749064
37.78033132090645,-122.40650848700317,3.1475409836065573
37.78556296952866,-122.41299378303889,2.269565217391305
37.78399167680922,-122.40806834514908,2.828358208955224
37.78325932950248,-122.41421780432208,2.3646408839779007
37.781398734084426,-122.4092476755484,2.141304347826087
37.782793107097326,-122.414056291891,2.0626780626780628
37.784805374620696,-122.41363125325746,2.58656330749354
37.78440117948035,-122.4075458559327,2.9122340425531914
37.78207293119596,-122.41222416473732,2.150684931506849
37.78520719184213,-122.40669059226173,2.5493562231759657
37.78429738433092,-122.41015707391028,2.735376044568245
37.78106889187804,-122.40738717209776,2.4166666666666665
37.78595077676133,-122.40801449291996,2.555555555555556
37.78327672660628,-122.41408113801424,2.136986301369863
37.78558043617005,-122.41285712652432,2.210227272727273
37.7797870676442,-122.4151278376151,2.355769230769231
37.7792122590044,-122.4109392055534,2.918181818181818
37.782843023321405,-122.4132375166752,2.181146025878004
37.78186331686605,-122.41430205254429,2.8395061728395063
37.780970672198805,-122.40871060666576,2.715481171548117
37.78070083187777,-122.40846655617246,2.4018691588785046
37.78408903668665,-122.41180013475255,2.702875399361022
37.781604574125474,-122.4121925557198,2.2788461538461537
37.7875158741624,-122.40743498952337,2.86734693877551
37.78090396966945,-122.41197948749527,2.154175588865096
37.7826335031541,-122.41487855905004,2.8313253012048194
37.7823291237658,-122.41402982172691,2.3132530120481927
37.78316141093963,-122.41161507540733,2.535897435897436
37.78578506193817,-122.41256321850786,2.124087591240876
37.78274196239266,-122.4149005445618,2.502923976608187
37.783214518996274,-122.41076876634412,2.1266666666666665
37.78383655653486,-122.41379097278109,2.85
37.7820204255863,-122.4130699263982,2.1149425287356323
37.782585196845055,-122.41569492213476,2.2333333333333334
37.785629794237344,-122.41379841586937,2.588888888888889
37.78369522697472,-122.4107916776448,2.4840182648401825
37.77707419225592,-122.41699108964389,2.788321167883212
37.78338623793837,-122.40985372994255,2.375586854460094
37.782731788481776,-122.40648197274496,3.1036585365853657
37.78328787356837,-122.40895359827977,2.188953488372093
37.782250087316704,-122.41126861336808,2.4752475247524752
37.77749367773072,-122.41629382093768,2.632911392405063
37.78234652067295,-122.41389315595056,2.039787798408488
37.78175405886509,-122.40969635556064,2.191011235955056
37.783932027722734,-122.412597377188,2.6535433070866143
37.78370693015482,-122.4085951108694,2.347480106100796
37.78269112134719,-122.40953666269188,2.6621621621621623
37.77983391835862,-122.41431222923916,2.285464098073555
37.78213729978416,-122.41553300799922,2.2905982905982905
37.78573829503232,-122.413820070176,2.893081761006289
37.77563367344293,-122.41244737312432,2.921052631578948
37.78213926815221,-122.41126513685012,2.1885245901639343
37.78379987236004,-122.40926844144356,2.690582959641256
37.783671956437246,-122.41508872104556,2.75103734439834
37.78038750135533,-122.40787711735182,2.326923076923077
37.77865915414699,-122.41658345613445,2.6666666666666665
37.78000644202529,-122.41193561574669,2.23
37.78295148288026,-122.41325949871928,2.488372093023256
37.78578837668556,-122.4129705375923,2.1904761904761907
37.78152627174681,-122.40950430935028,2.73943661971831
37.78161364031602,-122.4120541412374,2.215909090909091
37.78604322229909,-122.41050925879485,2.972972972972973
37.78642208565589,-122.40979743014772,3.4607843137254903
37.786151723689805,-122.41053090841848,3.638157894736842
37.7807642254398,-122.4123209074364,2.4065040650406506
37.78367787411226,-122.4109283533471,2.570048309178744
37.779138754335406,-122.41660769511508,2.84297520661157
37.78186218829854,-122.4138696325547,2.1285444234404536
37.77966604260622,-122.41371122073008,2.8156028368794326
37.784914185956175,-122.4119657952302,2.3996539792387543
37.78398055926319,-122.41177829599134,2.688715953307393
37.78258598956267,-122.40856003729634,1.832512315270936
37.78011349731633,-122.40989282029004,2.7797619047619047
37.78175893664048,-122.41512058933776,2.8046875
37.78211984889289,-122.41566966144394,2.482849604221636
37.7815668300024,-122.40805253847029,2.815384615384616
37.78419071511211,-122.41440602985564,2.323809523809524
37.78195365372567,-122.41004163181589,2.4693877551020407
37.78305295107833,-122.41159309570418,2.1728971962616823
37.78121165076647,-122.40891322980762,2.20863309352518
37.78161502657865,-122.40942036456023,2.590909090909091
37.783003796449,-122.41241426358177,2.230769230769231
37.78380666314247,-122.40912963366875,2.5625
37.78061487615389,-122.41657779244622,2.8440366972477062
37.78253867473027,-122.4123863797831,2.103448275862069
37.78509609637249,-122.41275875949933,2.062937062937063
37.78373004094007,-122.41375367048713,2.7096774193548385
37.783275520256566,-122.4098494416544,2.014251781472684
37.78535303587683,-122.41288317793806,1.8839285714285716
37.78420811243084,-122.41426936187736,2.076923076923077
37.78250255901012,-122.41055128180972,1.968253968253968
37.78187680528978,-122.41098681480452,2.343137254901961
37.780047852992205,-122.43197957638588,2.7596153846153846
37.78003043511549,-122.4321162336952,2.899676375404531
37.78435334264981,-122.43291460348512,3.08
37.78068805791403,-122.43205435461633,2.8653846153846154
37.78325837709502,-122.41838200860722,2.9424083769633507
37.78959527743223,-122.417044292614,2.8841463414634148
37.78244651355913,-122.4163429776225,2.786046511627907
37.78351605641026,-122.41588506578864,2.21875
37.786137125238064,-122.41985827733882,3.054794520547945
37.78516708754833,-122.4179039775646,2.291479820627803
37.78255695630777,-122.41634942818337,2.8692307692307693
37.783310753989454,-122.41753069698215,2.34375
37.78447665902213,-122.41541417863117,2.412429378531073
37.784394449206886,-122.41691614218831,2.707482993197279
37.78594073042103,-122.41891839021773,3.220238095238096
37.78306798869197,-122.41572168800572,2.345291479820628
37.78444966127203,-122.4160752850534,3.674528301886793
37.78812427344323,-122.417672923626,3.074380165289256
37.78160314386703,-122.41635198735229,2.601449275362319
37.78418470913036,-122.41856209710524,2.765625
37.786826208211046,-122.41993011161271,2.44954128440367
37.78635803626882,-122.4198349386195,2.03960396039604
37.78335703909338,-122.41671073384754,2.1372549019607843
37.78521535904704,-122.41708535742382,2.5047619047619047
37.78537508463175,-122.41626183683566,2.892156862745098
37.78578179648228,-122.41925664288826,2.7884615384615383
37.76342923285137,-122.41951570840952,2.3387755102040817
37.76571843952839,-122.40952991327774,2.997076023391813
37.76422056037547,-122.41965834371324,2.044179104477612
37.765050121468455,-122.41967178029964,2.5490848585690515
37.76613438751418,-122.42193507717684,3.0
37.76428370950361,-122.41854994019522,2.86046511627907
37.76907480038471,-122.41335418701786,2.779816513761468
37.76274366011457,-122.42174765046352,2.870731707317073
37.7658510977435,-122.41967661615044,2.819742489270386
37.76491084422589,-122.42108285019285,2.0542168674698797
37.76584272133727,-122.41981459381084,2.25130890052356
37.7642289357181,-122.41952036788636,2.5315315315315314
37.770109929818894,-122.42001017561174,2.4563106796116503
37.76101609120548,-122.41935017322947,2.692660550458716
37.76435775168584,-122.41747701284945,2.9220779220779223
37.775146291648,-122.4192578948169,3.091891891891892
37.76183580123936,-122.41936035276404,2.7641509433962264
37.76363377030098,-122.41623039254732,4.035897435897436
37.76408889445327,-122.42187648849188,2.833333333333333
37.764917890944034,-122.42188635798357,2.7478991596638656
37.76771775206644,-122.41560549623684,2.5765765765765765
37.77269482368603,-122.42218826142576,2.925925925925926
37.76510987862365,-122.4187010032866,2.508771929824561
37.773052554766,-122.41861895334026,2.415254237288136
37.76957974718968,-122.41987691713427,1.6165413533834587
37.76427538570615,-122.41868791980411,2.4761904761904763
37.77409485668824,-122.42000143696386,2.813953488372093
37.76382222594314,-122.41359169556272,4.014285714285714
37.76271343275038,-122.41944531067472,1.9904761904761905
37.763495437315456,-122.41848629657682,3.2711864406779663
37.7652491154405,-122.41638971028708,3.769230769230769
37.76730739293613,-122.41828642930948,2.2777777777777777
